Proxy,R²
DJP US Equity,0.9212439783811239
DBC US Equity,0.7680721974188837
GSG US Equity,0.723998207615367
COMF LN Equity,0.6611923817868521
USCI US Equity,0.6492063479895166
UC14 LN Equity,0.61004227478405
PDBC US Equity,0.5022294362318371
SPY US Equity,0.08243381116224813
