Proxy,R²
VIXM US Equity,0.6110096852133571
VXX US Equity,0.6102848571197235
VIXY US Equity,0.5763378895670914
UVXY US Equity,0.5608736473118532
VIX Index,0.41915300522083043
